[{"created_at":"Fri Jun 28 21:09:03 +0000 2013","id":350722534599163906,"id_str":"350722534599163906","text":"See the topography of Tweets come alive in these geotagged data visualizations: https:\/\/t.co\/as5cb6R7Cr","source":"web","truncated":false,"in_reply_to_status_id":null,"in_reply_to_status_id_str":null,"in_reply_to_user_id":null,"in_reply_to_user_id_str":null,"in_reply_to_screen_name":null,"user":{"id":783214,"id_str":"783214","name":"Twitter","screen_name":"twitter","location":"San Francisco, CA","description":"Your official source for news, updates and tips from Twitter, Inc.","url":"http:\/\/t.co\/5iRhy7wTgu","entities":{"url":{"urls":[{"url":"http:\/\/t.co\/5iRhy7wTgu","expanded_url":"http:\/\/blog.twitter.com\/","display_url":"blog.twitter.com","indices":[0,22]}]},"description":{"urls":[]}},"protected":false,"followers_count":20683907,"friends_count":124,"listed_count":78461,"created_at":"Tue Feb 20 14:35:54 +0000 2007","favourites_count":22,"utc_offset":-28800,"time_zone":"Pacific Time (US & Canada)","geo_enabled":true,"verified":true,"statuses_count":1608,"lang":"en","contributors_enabled":false,"is_translator":false,"profile_background_color":"ACDED6","profile_background_image_url":"http:\/\/a0.twimg.com\/profile_background_images\/657090062\/l1uqey5sy82r9ijhke1i.png","profile_background_image_url_https":"https:\/\/si0.twimg.com\/profile_background_images\/657090062\/l1uqey5sy82r9ijhke1i.png","profile_background_tile":true,"profile_image_url":"http:\/\/a0.twimg.com\/profile_images\/2284174758\/v65oai7fxn47qv9nectx_normal.png","profile_image_url_https":"https:\/\/si0.twimg.com\/profile_images\/2284174758\/v65oai7fxn47qv9nectx_normal.png","profile_banner_url":"https:\/\/pbs.twimg.com\/profile_banners\/783214\/1347405327","profile_link_color":"038543","profile_sidebar_border_color":"EEEEEE","profile_sidebar_fill_color":"F6F6F6","profile_text_color":"333333","profile_use_background_image":true,"default_profile":false,"default_profile_image":false,"following":null,"follow_request_sent":false,"notifications":null},"geo":null,"coordinates":null,"place":null,"contributors":null,"retweet_count":1264,"favorite_count":285,"entities":{"hashtags":[],"symbols":[],"urls":[{"url":"https:\/\/t.co\/as5cb6R7Cr","expanded_url":"https:\/\/blog.twitter.com\/2013\/topography-tweets","display_url":"blog.twitter.com\/2013\/topograph\u2026","indices":[80,103]}],"user_mentions":[]},"favorited":false,"retweeted":false,"possibly_sensitive":false,"lang":"en"}]