[{"created_at":"Fri Jun 28 21:09:03 +0000 2013","id":350722534599163906,"id_str":"350722534599163906","text":"See the topography of Tweets come alive in these geotagged data visualizations: https:\/\/t.co\/as5cb6R7Cr","source":"web","truncated":false,"in_reply_to_status_id":null,"in_reply_to_status_id_str":null,"in_reply_to_user_id":null,"in_reply_to_user_id_str":null,"in_reply_to_screen_name":null,"user":{"id":783214,"id_str":"783214","name":"Twitter","screen_name":"twitter","location":"San Francisco, CA","description":"Your official source for news, updates and tips from Twitter, Inc.","url":"http:\/\/t.co\/5iRhy7wTgu","entities":{"url":{"urls":[{"url":"http:\/\/t.co\/5iRhy7wTgu","expanded_url":"http:\/\/blog.twitter.com\/","display_url":"blog.twitter.com","indices":[0,22]}]},"description":{"urls":[]}},"protected":false,"followers_count":20624697,"friends_count":124,"listed_count":78424,"created_at":"Tue Feb 20 14:35:54 +0000 2007","favourites_count":22,"utc_offset":-28800,"time_zone":"Pacific Time (US & Canada)","geo_enabled":true,"verified":true,"statuses_count":1608,"lang":"en","contributors_enabled":false,"is_translator":false,"profile_background_color":"ACDED6","profile_background_image_url":"http:\/\/a0.twimg.com\/profile_background_images\/657090062\/l1uqey5sy82r9ijhke1i.png","profile_background_image_url_https":"https:\/\/si0.twimg.com\/profile_background_images\/657090062\/l1uqey5sy82r9ijhke1i.png","profile_background_tile":true,"profile_image_url":"http:\/\/a0.twimg.com\/profile_images\/2284174758\/v65oai7fxn47qv9nectx_normal.png","profile_image_url_https":"https:\/\/si0.twimg.com\/profile_images\/2284174758\/v65oai7fxn47qv9nectx_normal.png","profile_banner_url":"https:\/\/pbs.twimg.com\/profile_banners\/783214\/1347405327","profile_link_color":"038543","profile_sidebar_border_color":"EEEEEE","profile_sidebar_fill_color":"F6F6F6","profile_text_color":"333333","profile_use_background_image":true,"default_profile":false,"default_profile_image":false,"following":null,"follow_request_sent":false,"notifications":null},"geo":null,"coordinates":null,"place":null,"contributors":null,"retweet_count":1229,"favorite_count":255,"entities":{"hashtags":[],"symbols":[],"urls":[{"url":"https:\/\/t.co\/as5cb6R7Cr","expanded_url":"https:\/\/blog.twitter.com\/2013\/topography-tweets","display_url":"blog.twitter.com\/2013\/topograph\u2026","indices":[80,103]}],"user_mentions":[]},"favorited":false,"retweeted":false,"possibly_sensitive":false,"lang":"en"},{"created_at":"Thu Jun 27 22:34:31 +0000 2013","id":350381657951453184,"id_str":"350381657951453184","text":"RT @vineapp: Vine for Android is now faster and selfie-enabled (front-facing camera!) -- get it now from Google Play https:\/\/t.co\/xEtAOyzRFO","source":"web","truncated":false,"in_reply_to_status_id":null,"in_reply_to_status_id_str":null,"in_reply_to_user_id":null,"in_reply_to_user_id_str":null,"in_reply_to_screen_name":null,"user":{"id":783214,"id_str":"783214","name":"Twitter","screen_name":"twitter","location":"San Francisco, CA","description":"Your official source for news, updates and tips from Twitter, Inc.","url":"http:\/\/t.co\/5iRhy7wTgu","entities":{"url":{"urls":[{"url":"http:\/\/t.co\/5iRhy7wTgu","expanded_url":"http:\/\/blog.twitter.com\/","display_url":"blog.twitter.com","indices":[0,22]}]},"description":{"urls":[]}},"protected":false,"followers_count":20624697,"friends_count":124,"listed_count":78424,"created_at":"Tue Feb 20 14:35:54 +0000 2007","favourites_count":22,"utc_offset":-28800,"time_zone":"Pacific Time (US & Canada)","geo_enabled":true,"verified":true,"statuses_count":1608,"lang":"en","contributors_enabled":false,"is_translator":false,"profile_background_color":"ACDED6","profile_background_image_url":"http:\/\/a0.twimg.com\/profile_background_images\/657090062\/l1uqey5sy82r9ijhke1i.png","profile_background_image_url_https":"https:\/\/si0.twimg.com\/profile_background_images\/657090062\/l1uqey5sy82r9ijhke1i.png","profile_background_tile":true,"profile_image_url":"http:\/\/a0.twimg.com\/profile_images\/2284174758\/v65oai7fxn47qv9nectx_normal.png","profile_image_url_https":"https:\/\/si0.twimg.com\/profile_images\/2284174758\/v65oai7fxn47qv9nectx_normal.png","profile_banner_url":"https:\/\/pbs.twimg.com\/profile_banners\/783214\/1347405327","profile_link_color":"038543","profile_sidebar_border_color":"EEEEEE","profile_sidebar_fill_color":"F6F6F6","profile_text_color":"333333","profile_use_background_image":true,"default_profile":false,"default_profile_image":false,"following":null,"follow_request_sent":false,"notifications":null},"geo":null,"coordinates":null,"place":null,"contributors":null,"retweeted_status":{"created_at":"Thu Jun 27 22:27:10 +0000 2013","id":350379806791176192,"id_str":"350379806791176192","text":"Vine for Android is now faster and selfie-enabled (front-facing camera!) -- get it now from Google Play https:\/\/t.co\/xEtAOyzRFO","source":"\u003ca href=\"http:\/\/itunes.apple.com\/us\/app\/twitter\/id409789998?mt=12\" rel=\"nofollow\"\u003eTwitter for Mac\u003c\/a\u003e","truncated":false,"in_reply_to_status_id":null,"in_reply_to_status_id_str":null,"in_reply_to_user_id":null,"in_reply_to_user_id_str":null,"in_reply_to_screen_name":null,"user":{"id":586671909,"id_str":"586671909","name":"Vine","screen_name":"vineapp","location":"","description":"Vine is a new app for sharing short, looping videos. It's free for iPhone or Android.","url":"http:\/\/t.co\/HLAhG6mqQx","entities":{"url":{"urls":[{"url":"http:\/\/t.co\/HLAhG6mqQx","expanded_url":"http:\/\/vine.co","display_url":"vine.co","indices":[0,22]}]},"description":{"urls":[]}},"protected":false,"followers_count":2349106,"friends_count":10,"listed_count":1542,"created_at":"Mon May 21 14:34:36 +0000 2012","favourites_count":64,"utc_offset":-14400,"time_zone":"Atlantic Time (Canada)","geo_enabled":true,"verified":true,"statuses_count":119,"lang":"en","contributors_enabled":false,"is_translator":false,"profile_background_color":"F1F1EC","profile_background_image_url":"http:\/\/a0.twimg.com\/images\/themes\/theme17\/bg.gif","profile_background_image_url_https":"https:\/\/si0.twimg.com\/images\/themes\/theme17\/bg.gif","profile_background_tile":false,"profile_image_url":"http:\/\/a0.twimg.com\/profile_images\/3578238864\/50d7e05aa6fe5d477e48a63047e38ce7_normal.png","profile_image_url_https":"https:\/\/si0.twimg.com\/profile_images\/3578238864\/50d7e05aa6fe5d477e48a63047e38ce7_normal.png","profile_banner_url":"https:\/\/pbs.twimg.com\/profile_banners\/586671909\/1358910416","profile_link_color":"00B386","profile_sidebar_border_color":"FFFFFF","profile_sidebar_fill_color":"DDEEF6","profile_text_color":"333333","profile_use_background_image":false,"default_profile":false,"default_profile_image":false,"following":null,"follow_request_sent":false,"notifications":null},"geo":null,"coordinates":null,"place":null,"contributors":null,"retweet_count":494,"favorite_count":242,"entities":{"hashtags":[],"symbols":[],"urls":[{"url":"https:\/\/t.co\/xEtAOyzRFO","expanded_url":"https:\/\/play.google.com\/store\/apps\/details?id=co.vine.android","display_url":"play.google.com\/store\/apps\/det\u2026","indices":[104,127]}],"user_mentions":[]},"favorited":false,"retweeted":false,"possibly_sensitive":false,"lang":"en"},"retweet_count":494,"favorite_count":0,"entities":{"hashtags":[],"symbols":[],"urls":[{"url":"https:\/\/t.co\/xEtAOyzRFO","expanded_url":"https:\/\/play.google.com\/store\/apps\/details?id=co.vine.android","display_url":"play.google.com\/store\/apps\/det\u2026","indices":[117,140]}],"user_mentions":[{"screen_name":"vineapp","name":"Vine","id":586671909,"id_str":"586671909","indices":[3,11]}]},"favorited":false,"retweeted":false,"possibly_sensitive":false,"lang":"en"},{"created_at":"Thu Jun 27 18:20:11 +0000 2013","id":350317651815440385,"id_str":"350317651815440385","text":"RT @TweetDeck: Larger, more flexible media previews in TweetDeck for web and Chrome.\nhttps:\/\/t.co\/M9VLJ34tPR http:\/\/t.co\/QcQoUuHjOe","source":"web","truncated":false,"in_reply_to_status_id":null,"in_reply_to_status_id_str":null,"in_reply_to_user_id":null,"in_reply_to_user_id_str":null,"in_reply_to_screen_name":null,"user":{"id":783214,"id_str":"783214","name":"Twitter","screen_name":"twitter","location":"San Francisco, CA","description":"Your official source for news, updates and tips from Twitter, Inc.","url":"http:\/\/t.co\/5iRhy7wTgu","entities":{"url":{"urls":[{"url":"http:\/\/t.co\/5iRhy7wTgu","expanded_url":"http:\/\/blog.twitter.com\/","display_url":"blog.twitter.com","indices":[0,22]}]},"description":{"urls":[]}},"protected":false,"followers_count":20624697,"friends_count":124,"listed_count":78424,"created_at":"Tue Feb 20 14:35:54 +0000 2007","favourites_count":22,"utc_offset":-28800,"time_zone":"Pacific Time (US & Canada)","geo_enabled":true,"verified":true,"statuses_count":1608,"lang":"en","contributors_enabled":false,"is_translator":false,"profile_background_color":"ACDED6","profile_background_image_url":"http:\/\/a0.twimg.com\/profile_background_images\/657090062\/l1uqey5sy82r9ijhke1i.png","profile_background_image_url_https":"https:\/\/si0.twimg.com\/profile_background_images\/657090062\/l1uqey5sy82r9ijhke1i.png","profile_background_tile":true,"profile_image_url":"http:\/\/a0.twimg.com\/profile_images\/2284174758\/v65oai7fxn47qv9nectx_normal.png","profile_image_url_https":"https:\/\/si0.twimg.com\/profile_images\/2284174758\/v65oai7fxn47qv9nectx_normal.png","profile_banner_url":"https:\/\/pbs.twimg.com\/profile_banners\/783214\/1347405327","profile_link_color":"038543","profile_sidebar_border_color":"EEEEEE","profile_sidebar_fill_color":"F6F6F6","profile_text_color":"333333","profile_use_background_image":true,"default_profile":false,"default_profile_image":false,"following":null,"follow_request_sent":false,"notifications":null},"geo":null,"coordinates":null,"place":null,"contributors":null,"retweeted_status":{"created_at":"Thu Jun 27 16:28:41 +0000 2013","id":350289590004875266,"id_str":"350289590004875266","text":"Larger, more flexible media previews in TweetDeck for web and Chrome.\nhttps:\/\/t.co\/M9VLJ34tPR http:\/\/t.co\/QcQoUuHjOe","source":"\u003ca href=\"http:\/\/www.tweetdeck.com\" rel=\"nofollow\"\u003eTweetDeck\u003c\/a\u003e","truncated":false,"in_reply_to_status_id":null,"in_reply_to_status_id_str":null,"in_reply_to_user_id":null,"in_reply_to_user_id_str":null,"in_reply_to_screen_name":null,"user":{"id":14803701,"id_str":"14803701","name":"TweetDeck","screen_name":"TweetDeck","location":"London, UK","description":"TweetDeck is an app that brings more flexibility and insight to power users. Questions? https:\/\/t.co\/KFxg3aVrwl","url":"http:\/\/t.co\/RO7g9KTF5z","entities":{"url":{"urls":[{"url":"http:\/\/t.co\/RO7g9KTF5z","expanded_url":"http:\/\/www.tweetdeck.com","display_url":"tweetdeck.com","indices":[0,22]}]},"description":{"urls":[{"url":"https:\/\/t.co\/KFxg3aVrwl","expanded_url":"https:\/\/support.twitter.com\/groups\/54-mobile-apps#topic_226","display_url":"support.twitter.com\/groups\/54-mobi\u2026","indices":[88,111]}]}},"protected":false,"followers_count":2387058,"friends_count":161477,"listed_count":25584,"created_at":"Fri May 16 20:30:59 +0000 2008","favourites_count":0,"utc_offset":0,"time_zone":"London","geo_enabled":false,"verified":true,"statuses_count":6984,"lang":"en","contributors_enabled":false,"is_translator":false,"profile_background_color":"C0DEED","profile_background_image_url":"http:\/\/a0.twimg.com\/profile_background_images\/656938442\/9knix0r598sxgmayw7c3.png","profile_background_image_url_https":"https:\/\/si0.twimg.com\/profile_background_images\/656938442\/9knix0r598sxgmayw7c3.png","profile_background_tile":true,"profile_image_url":"http:\/\/a0.twimg.com\/profile_images\/3759540932\/051e36e98a2b3776061fa6f611f5dcb0_normal.png","profile_image_url_https":"https:\/\/si0.twimg.com\/profile_images\/3759540932\/051e36e98a2b3776061fa6f611f5dcb0_normal.png","profile_banner_url":"https:\/\/pbs.twimg.com\/profile_banners\/14803701\/1347395022","profile_link_color":"0084B4","profile_sidebar_border_color":"C0DEED","profile_sidebar_fill_color":"DDEEF6","profile_text_color":"333333","profile_use_background_image":true,"default_profile":false,"default_profile_image":false,"following":null,"follow_request_sent":false,"notifications":null},"geo":null,"coordinates":null,"place":null,"contributors":null,"retweet_count":1120,"favorite_count":111,"entities":{"hashtags":[],"symbols":[],"urls":[{"url":"https:\/\/t.co\/M9VLJ34tPR","expanded_url":"https:\/\/blog.twitter.com\/2013\/larger-and-more-flexible-previews","display_url":"blog.twitter.com\/2013\/larger-an\u2026","indices":[70,93]}],"user_mentions":[],"media":[{"id":350289590013263872,"id_str":"350289590013263872","indices":[94,116],"media_url":"http:\/\/pbs.twimg.com\/media\/BNx6hrVCAAAgIiB.png","media_url_https":"https:\/\/pbs.twimg.com\/media\/BNx6hrVCAAAgIiB.png","url":"http:\/\/t.co\/QcQoUuHjOe","display_url":"pic.twitter.com\/QcQoUuHjOe","expanded_url":"http:\/\/twitter.com\/TweetDeck\/status\/350289590004875266\/photo\/1","type":"photo","sizes":{"medium":{"w":351,"h":298,"resize":"fit"},"thumb":{"w":150,"h":150,"resize":"crop"},"large":{"w":351,"h":298,"resize":"fit"},"small":{"w":340,"h":289,"resize":"fit"}}}]},"favorited":false,"retweeted":false,"possibly_sensitive":false,"lang":"en"},"retweet_count":1120,"favorite_count":0,"entities":{"hashtags":[],"symbols":[],"urls":[{"url":"https:\/\/t.co\/M9VLJ34tPR","expanded_url":"https:\/\/blog.twitter.com\/2013\/larger-and-more-flexible-previews","display_url":"blog.twitter.com\/2013\/larger-an\u2026","indices":[85,108]}],"user_mentions":[{"screen_name":"TweetDeck","name":"TweetDeck","id":14803701,"id_str":"14803701","indices":[3,13]}],"media":[{"id":350289590013263872,"id_str":"350289590013263872","indices":[109,131],"media_url":"http:\/\/pbs.twimg.com\/media\/BNx6hrVCAAAgIiB.png","media_url_https":"https:\/\/pbs.twimg.com\/media\/BNx6hrVCAAAgIiB.png","url":"http:\/\/t.co\/QcQoUuHjOe","display_url":"pic.twitter.com\/QcQoUuHjOe","expanded_url":"http:\/\/twitter.com\/TweetDeck\/status\/350289590004875266\/photo\/1","type":"photo","sizes":{"medium":{"w":351,"h":298,"resize":"fit"},"thumb":{"w":150,"h":150,"resize":"crop"},"large":{"w":351,"h":298,"resize":"fit"},"small":{"w":340,"h":289,"resize":"fit"}},"source_status_id":350289590004875266,"source_status_id_str":"350289590004875266"}]},"favorited":false,"retweeted":false,"possibly_sensitive":false,"lang":"en"},{"created_at":"Thu Jun 27 00:13:22 +0000 2013","id":350044146494472192,"id_str":"350044146494472192","text":"Over 24 hrs, Twitter has been the global town square for major civic showdowns in Washington, Austin + Canberra: https:\/\/t.co\/ThSi6X2VUj","source":"web","truncated":false,"in_reply_to_status_id":null,"in_reply_to_status_id_str":null,"in_reply_to_user_id":null,"in_reply_to_user_id_str":null,"in_reply_to_screen_name":null,"user":{"id":783214,"id_str":"783214","name":"Twitter","screen_name":"twitter","location":"San Francisco, CA","description":"Your official source for news, updates and tips from Twitter, Inc.","url":"http:\/\/t.co\/5iRhy7wTgu","entities":{"url":{"urls":[{"url":"http:\/\/t.co\/5iRhy7wTgu","expanded_url":"http:\/\/blog.twitter.com\/","display_url":"blog.twitter.com","indices":[0,22]}]},"description":{"urls":[]}},"protected":false,"followers_count":20624697,"friends_count":124,"listed_count":78424,"created_at":"Tue Feb 20 14:35:54 +0000 2007","favourites_count":22,"utc_offset":-28800,"time_zone":"Pacific Time (US & Canada)","geo_enabled":true,"verified":true,"statuses_count":1608,"lang":"en","contributors_enabled":false,"is_translator":false,"profile_background_color":"ACDED6","profile_background_image_url":"http:\/\/a0.twimg.com\/profile_background_images\/657090062\/l1uqey5sy82r9ijhke1i.png","profile_background_image_url_https":"https:\/\/si0.twimg.com\/profile_background_images\/657090062\/l1uqey5sy82r9ijhke1i.png","profile_background_tile":true,"profile_image_url":"http:\/\/a0.twimg.com\/profile_images\/2284174758\/v65oai7fxn47qv9nectx_normal.png","profile_image_url_https":"https:\/\/si0.twimg.com\/profile_images\/2284174758\/v65oai7fxn47qv9nectx_normal.png","profile_banner_url":"https:\/\/pbs.twimg.com\/profile_banners\/783214\/1347405327","profile_link_color":"038543","profile_sidebar_border_color":"EEEEEE","profile_sidebar_fill_color":"F6F6F6","profile_text_color":"333333","profile_use_background_image":true,"default_profile":false,"default_profile_image":false,"following":null,"follow_request_sent":false,"notifications":null},"geo":null,"coordinates":null,"place":null,"contributors":null,"retweet_count":471,"favorite_count":225,"entities":{"hashtags":[],"symbols":[],"urls":[{"url":"https:\/\/t.co\/ThSi6X2VUj","expanded_url":"https:\/\/blog.twitter.com\/2013\/24-hours-global-governance","display_url":"blog.twitter.com\/2013\/24-hours-\u2026","indices":[113,136]}],"user_mentions":[]},"favorited":false,"retweeted":false,"possibly_sensitive":false,"lang":"en"},{"created_at":"Tue Jun 25 21:49:09 +0000 2013","id":349645462464249858,"id_str":"349645462464249858","text":"RT @Support: We just hatched a fresh new design for our Help Center! Now it's easier than ever to find the answers you need. http:\/\/t.co\/Vk\u2026","source":"web","truncated":false,"in_reply_to_status_id":null,"in_reply_to_status_id_str":null,"in_reply_to_user_id":null,"in_reply_to_user_id_str":null,"in_reply_to_screen_name":null,"user":{"id":783214,"id_str":"783214","name":"Twitter","screen_name":"twitter","location":"San Francisco, CA","description":"Your official source for news, updates and tips from Twitter, Inc.","url":"http:\/\/t.co\/5iRhy7wTgu","entities":{"url":{"urls":[{"url":"http:\/\/t.co\/5iRhy7wTgu","expanded_url":"http:\/\/blog.twitter.com\/","display_url":"blog.twitter.com","indices":[0,22]}]},"description":{"urls":[]}},"protected":false,"followers_count":20624697,"friends_count":124,"listed_count":78424,"created_at":"Tue Feb 20 14:35:54 +0000 2007","favourites_count":22,"utc_offset":-28800,"time_zone":"Pacific Time (US & Canada)","geo_enabled":true,"verified":true,"statuses_count":1608,"lang":"en","contributors_enabled":false,"is_translator":false,"profile_background_color":"ACDED6","profile_background_image_url":"http:\/\/a0.twimg.com\/profile_background_images\/657090062\/l1uqey5sy82r9ijhke1i.png","profile_background_image_url_https":"https:\/\/si0.twimg.com\/profile_background_images\/657090062\/l1uqey5sy82r9ijhke1i.png","profile_background_tile":true,"profile_image_url":"http:\/\/a0.twimg.com\/profile_images\/2284174758\/v65oai7fxn47qv9nectx_normal.png","profile_image_url_https":"https:\/\/si0.twimg.com\/profile_images\/2284174758\/v65oai7fxn47qv9nectx_normal.png","profile_banner_url":"https:\/\/pbs.twimg.com\/profile_banners\/783214\/1347405327","profile_link_color":"038543","profile_sidebar_border_color":"EEEEEE","profile_sidebar_fill_color":"F6F6F6","profile_text_color":"333333","profile_use_background_image":true,"default_profile":false,"default_profile_image":false,"following":null,"follow_request_sent":false,"notifications":null},"geo":null,"coordinates":null,"place":null,"contributors":null,"retweeted_status":{"created_at":"Tue Jun 25 21:44:17 +0000 2013","id":349644240579604480,"id_str":"349644240579604480","text":"We just hatched a fresh new design for our Help Center! Now it's easier than ever to find the answers you need. http:\/\/t.co\/Vk1NkwU8qP","source":"web","truncated":false,"in_reply_to_status_id":null,"in_reply_to_status_id_str":null,"in_reply_to_user_id":null,"in_reply_to_user_id_str":null,"in_reply_to_screen_name":null,"user":{"id":17874544,"id_str":"17874544","name":"Support","screen_name":"Support","location":"Twitter HQ","description":"Updates from Twitter User Support. We're unable to assist with account suspension\/verification.","url":"http:\/\/t.co\/Vk1NkwU8qP","entities":{"url":{"urls":[{"url":"http:\/\/t.co\/Vk1NkwU8qP","expanded_url":"http:\/\/support.twitter.com","display_url":"support.twitter.com","indices":[0,22]}]},"description":{"urls":[]}},"protected":false,"followers_count":2357846,"friends_count":31,"listed_count":11961,"created_at":"Thu Dec 04 18:51:57 +0000 2008","favourites_count":45,"utc_offset":-32400,"time_zone":"Alaska","geo_enabled":true,"verified":true,"statuses_count":2260,"lang":"en","contributors_enabled":false,"is_translator":false,"profile_background_color":"C0DEED","profile_background_image_url":"http:\/\/a0.twimg.com\/profile_background_images\/656929496\/y6jd4l68p18hrm52f0ez.png","profile_background_image_url_https":"https:\/\/si0.twimg.com\/profile_background_images\/656929496\/y6jd4l68p18hrm52f0ez.png","profile_background_tile":true,"profile_image_url":"http:\/\/a0.twimg.com\/profile_images\/2320882833\/2whv6cuhvbal751uss8u_normal.png","profile_image_url_https":"https:\/\/si0.twimg.com\/profile_images\/2320882833\/2whv6cuhvbal751uss8u_normal.png","profile_banner_url":"https:\/\/pbs.twimg.com\/profile_banners\/17874544\/1347394418","profile_link_color":"0084B4","profile_sidebar_border_color":"C0DEED","profile_sidebar_fill_color":"DDEEF6","profile_text_color":"333333","profile_use_background_image":true,"default_profile":false,"default_profile_image":false,"following":null,"follow_request_sent":false,"notifications":null},"geo":null,"coordinates":null,"place":null,"contributors":null,"retweet_count":288,"favorite_count":188,"entities":{"hashtags":[],"symbols":[],"urls":[{"url":"http:\/\/t.co\/Vk1NkwU8qP","expanded_url":"http:\/\/support.twitter.com","display_url":"support.twitter.com","indices":[112,134]}],"user_mentions":[]},"favorited":false,"retweeted":false,"possibly_sensitive":false,"lang":"en"},"retweet_count":288,"favorite_count":0,"entities":{"hashtags":[],"symbols":[],"urls":[],"user_mentions":[{"screen_name":"Support","name":"Support","id":17874544,"id_str":"17874544","indices":[3,11]}]},"favorited":false,"retweeted":false,"lang":"en"}]